Image,F1,Jaccard,Recall,Precision
833.png,0.8659450457951708,0.7635829662261381,0.9154929577464789,0.8214849921011058
2069.png,0.8404112650871703,0.7247494217424827,1.0,0.7247494217424827
3038.png,0.596212583995113,0.4247171453437772,0.7601246105919003,0.4904522613065327
1169.png,0.9576365663322184,0.9187165775401069,0.9256465517241379,0.9919168591224018
501.png,0.930635838150289,0.8702702702702703,0.9484536082474226,0.9134751773049645
31.png,0.9585253456221198,0.9203539823008849,0.9211691762621789,0.9990393852065321
2242.png,0.9068228105906314,0.8295295761527713,0.8583132530120482,0.9611440906637885
1014.png,0.8932676518883416,0.8071216617210683,0.8071216617210683,1.0
1322.png,0.6383763837638377,0.46883468834688347,0.9153439153439153,0.49008498583569404
1779.png,0.7926829268292683,0.6565656565656566,0.6824146981627297,0.9454545454545454
1217.png,0.9037800687285223,0.8244514106583072,0.842948717948718,0.9740740740740741
1956.png,0.8722002635046112,0.7733644859813084,0.7733644859813084,1.0
108.png,0.937844611528822,0.8829636621047664,0.8837978271138404,0.99893219434063
1258.png,0.9437086092715231,0.8934169278996865,0.9693877551020408,0.9193548387096774
571.png,0.9712858926342073,0.9441747572815534,0.9676616915422885,0.974937343358396
1888.png,0.0,0.0,0.0,0.0
35.png,0.8592057761732852,0.7531645569620253,0.967479674796748,0.7727272727272727
2162.png,0.8451511991657976,0.7318284424379232,0.9833181680315438,0.7410285714285715
2582.png,0.9034866093986862,0.823963133640553,0.8621022179363549,0.9490445859872612
1279.png,0.20233998623537508,0.1125574272588055,0.11290322580645161,0.9735099337748344
749.png,0.8422978412001464,0.7275600505689002,0.8554440728353772,0.8295495495495495
2122.png,0.0,0.0,0.0,0.0
2928.png,0.8828240878077722,0.7902283590015932,0.9411764705882353,0.8312849162011173
74.png,0.958951628444787,0.9211403184005924,0.9287047405748413,0.9912350597609562
788.png,0.8342318059299191,0.715606936416185,0.7328913094956192,0.9680950891460745
707.png,0.9718023911572298,0.9451513821851689,0.9624664879356568,0.9813211845102505
1678.png,0.9481915933528836,0.9014869888475836,0.9566074950690335,0.939922480620155
909.png,0.8303719800588011,0.7099453551912568,0.7127496159754224,0.994488671157379
218.png,0.8389982110912343,0.7226502311248074,0.9852941176470589,0.7305295950155763
2046.png,0.7413405308142149,0.5889921372408864,0.5911047345767575,0.9939686369119421
3.png,0.930063578564941,0.8692699490662139,0.9653092006033183,0.8973010865755345
1270.png,0.0,0.0,0.0,0.0
573.png,0.9532127261384904,0.9106078665077473,0.9514321295143213,0.955
861.png,0.430797156254727,0.27453248505880085,0.27453248505880085,1.0
2463.png,0.2526825891311873,0.14461172741679873,1.0,0.14461172741679873
1326.png,0.7438271604938271,0.5921375921375921,0.5921375921375921,1.0
528.png,0.9232613908872901,0.8574610244988864,0.9974093264248705,0.859375
461.png,0.8792846497764532,0.7845744680851063,0.8428571428571429,0.9190031152647975
803.png,0.06737787759685569,0.034863451481696686,0.034863451481696686,1.0
1392.png,0.9657039711191335,0.9336823734729494,0.9709618874773139,0.9605026929982047
298.png,0.0,0.0,0.0,0.0
3005.png,0.8064024390243902,0.6756066411238825,0.7767988252569751,0.838351822503962
1239.png,0.7613104524180968,0.6146095717884131,0.6224489795918368,0.9799196787148594
2839.png,0.0,0.0,0.0,0.0
2605.png,0.6491414034343863,0.4805398618957941,0.8708759954493743,0.517404528556945
1529.png,0.9305816135084427,0.8701754385964913,0.9429657794676806,0.9185185185185185
574.png,0.8808446455505279,0.7870619946091644,0.9940425531914894,0.7907921462423833
2574.png,0.7968810916179336,0.662346079066753,0.7024054982817869,0.9207207207207208
1702.png,0.9063670411985019,0.8287671232876712,0.983739837398374,0.8402777777777778
1732.png,0.8741776315789473,0.7764791818845873,0.9971857410881801,0.7781844802342606
1266.png,0.0,0.0,0.0,0.0
1808.png,0.7095588235294117,0.5498575498575499,1.0,0.5498575498575499
1085.png,0.41721854304635764,0.26359832635983266,0.26359832635983266,1.0
653.png,0.9787975602672088,0.9584755403868032,0.9739884393063584,0.9836544074722708
2791.png,0.5452520189362294,0.37480857580398164,0.3812305295950156,0.956989247311828
1187.png,0.9345870809484874,0.8772064466615502,0.883307573415765,0.9921875
2744.png,0.8270756213643574,0.7051397655545536,0.8095238095238095,0.8454054054054054
1023.png,0.9458071876782657,0.8971861471861472,0.9001085776330076,0.9963942307692307
1667.png,0.0,0.0,0.0,0.0
904.png,0.9551451187335092,0.9141414141414141,0.980498374864572,0.9310699588477366
701.png,0.8241494968854816,0.7008964955175224,0.7031888798037612,0.9953703703703703
381.png,0.9554655870445344,0.9147286821705426,0.9455128205128205,0.9656301145662848
478.png,0.0,0.0,0.0,0.0
1354.png,0.9527767283717415,0.9098124098124099,0.9655436447166922,0.9403430275913497
2701.png,0.9637681159420289,0.9300699300699301,0.9812206572769953,0.946925566343042
1689.png,0.9145569620253164,0.8425655976676385,0.8512518409425626,0.9880341880341881
2672.png,0.8801629931468791,0.7859741978167384,0.8027027027027027,0.974169741697417
2524.png,0.5155709342560554,0.3473193473193473,0.7953736654804271,0.38139931740614336
2026.png,0.0,0.0,0.0,0.0
2356.png,0.9114717816303947,0.8373432734666215,0.8828152911754198,0.9420510865421273
527.png,0.9008042895442359,0.8195121951219512,0.9960474308300395,0.8221859706362153
1142.png,0.9472259810554803,0.8997429305912596,0.9887005649717514,0.9090909090909091
1562.png,0.8600288600288599,0.7544303797468355,0.9834983498349835,0.764102564102564
1668.png,0.7703488372093023,0.6264775413711584,0.6973684210526315,0.8603896103896104
1837.png,0.9600938967136149,0.9232505643340858,0.9843561973525873,0.9369988545246277
294.png,0.941425546930134,0.8893333333333333,0.9302649930264993,0.9528571428571428
2157.png,0.8600723763570567,0.7544973544973544,0.854916067146283,0.8652912621359223
2528.png,0.8912783751493428,0.8038793103448276,0.9872948650079407,0.8122822299651568
2527.png,0.8766245997362968,0.7803487592219986,0.7898845892735913,0.984765129073212
2075.png,0.4931641827811307,0.32728461664214487,0.454483541430193,0.539041464728056
2322.png,0.0,0.0,0.0,0.0
3034.png,0.7942053685556029,0.6586572438162545,0.6586572438162545,1.0
1851.png,0.8112,0.6823687752355316,0.7658610271903323,0.8622448979591837
676.png,0.9676413255360623,0.9373111782477341,0.9487767584097859,0.9872712808273667
1818.png,0.8891257995735606,0.800383877159309,0.9675174013921114,0.8224852071005917
2906.png,0.0,0.0,0.0,0.0
1840.png,0.8194444444444445,0.6941176470588235,0.9957805907172996,0.696165191740413
560.png,0.7267080745341614,0.5707317073170731,0.5707317073170731,1.0
1337.png,0.8548094373865699,0.7464342313787639,0.9978813559322034,0.7476190476190476
1384.png,0.8430379746835444,0.7286652078774617,0.9823008849557522,0.738359201773836
2936.png,0.872260015117158,0.7734584450402144,0.7925824175824175,0.9697478991596639
1579.png,0.9584313725490194,0.9201807228915663,0.9729299363057324,0.9443585780525502
678.png,0.9581993569131834,0.9197530864197531,0.9305230288836847,0.9875724937862469
555.png,0.9545454545454546,0.9130434782608695,0.9545454545454546,0.9545454545454546
1885.png,0.6283422459893048,0.4580896686159844,1.0,0.4580896686159844
2471.png,0.43981716607414933,0.2819010416666667,1.0,0.2819010416666667
1769.png,0.9499731038192578,0.9047131147540983,0.9150259067357513,0.9876957494407159
1720.png,0.8682634730538923,0.7671957671957672,0.7923497267759563,0.9602649006622517
2465.png,0.7608158220024723,0.6139650872817956,0.9808764940239044,0.6214033316506815
2255.png,0.23206232062320628,0.13126159554730985,0.13126159554730985,1.0
1960.png,0.0,0.0,0.0,0.0
21.png,0.9558338826631511,0.9154040404040404,0.9863945578231292,0.9271099744245525
26.png,0.8872901678657074,0.7974137931034483,1.0,0.7974137931034483
2405.png,0.9010140028971512,0.819859402460457,0.8567493112947658,0.9501018329938901
335.png,0.9166666666666666,0.8461538461538461,0.8810068649885584,0.9553349875930521
893.png,0.9283422459893049,0.8662674650698603,0.9665924276169265,0.8930041152263375
2606.png,0.6097519824531804,0.43859223300970873,0.5592695759826679,0.6702522255192879
11.png,0.9677835051546393,0.9375780274656679,0.9740596627756161,0.9615877080665813
2980.png,0.910944935418083,0.83645443196005,0.8395989974937343,0.9955423476968797
3011.png,0.5185185185185185,0.35,1.0,0.35
717.png,0.6768885564697082,0.5115884680610514,0.5581251927227875,0.8598574821852731
277.png,0.9812147777082029,0.9631223110018439,0.9880201765447667,0.974502487562189
2979.png,0.9246164109406271,0.8598014888337469,0.8598014888337469,1.0
2275.png,0.7867298578199053,0.6484375,0.7354430379746836,0.8457059679767104
1866.png,0.5142241379310345,0.3460980562808239,0.3460980562808239,1.0
1344.png,0.9217391304347825,0.8548387096774194,0.8603896103896104,0.9925093632958801
2137.png,0.628372497824195,0.4581218274111675,0.6186803770351328,0.6383731211317418
2072.png,0.9474940334128878,0.9002267573696145,0.9826732673267327,0.9147465437788018
1137.png,0.9330889092575619,0.8745704467353952,0.8977072310405644,0.9713740458015268
1906.png,0.7962688149247403,0.6615005283550546,0.9771071800208116,0.6719141323792487
1495.png,0.9555555555555556,0.9148936170212766,0.9589201877934272,0.9522144522144522
694.png,0.8766233766233766,0.7803468208092486,0.9225512528473804,0.8350515463917526
336.png,0.9624542124542125,0.9276257722859664,0.933392539964476,0.9933837429111532
1560.png,0.9529025191675794,0.9100418410041841,0.9775280898876404,0.9294871794871795
1546.png,0.9463464486458866,0.8981571290009699,0.9585921325051759,0.934409687184662
1969.png,0.6993006993006993,0.5376344086021505,0.819672131147541,0.6097560975609756
2459.png,0.8921805029280055,0.8053482587064676,0.8319948602634115,0.9617526921648719
587.png,0.9682875264270613,0.9385245901639344,0.9554937413073713,0.9814285714285714
2662.png,0.8694214876033058,0.7690058479532164,0.839584996009577,0.9014567266495287
2930.png,0.7713310580204779,0.6277777777777778,0.9149797570850202,0.6666666666666666
943.png,0.9441624365482233,0.8942307692307693,0.9029126213592233,0.9893617021276596
1794.png,0.0,0.0,0.0,0.0
3043.png,0.500492125984252,0.3337709222185756,1.0,0.3337709222185756
2380.png,0.8589909443725744,0.7528344671201814,0.7687162335991767,0.9732899022801303
126.png,0.0,0.0,0.0,0.0
1147.png,0.9015228426395939,0.8207024029574861,0.9758241758241758,0.8377358490566038
1883.png,0.5696649029982364,0.39827373612823674,0.39827373612823674,1.0
2176.png,0.8609550561797753,0.7558569667077681,0.9630793401413983,0.7784126984126984
2304.png,0.7805953693495037,0.6401446654611211,0.6973079448456992,0.8864774624373957
369.png,0.9130434782608695,0.84,0.8475336322869955,0.9895287958115183
2228.png,0.7027027027027027,0.5416666666666666,0.988,0.5452538631346578
2114.png,0.8461538461538463,0.7333333333333333,0.8952524491333835,0.8021607022282242
451.png,0.9440337909186906,0.894,0.894,1.0
1916.png,0.6251972053189092,0.4547540983606557,0.4547540983606557,1.0
2349.png,0.0,0.0,0.0,0.0
2530.png,0.34222445898339204,0.20643594414086217,0.6028368794326241,0.23893183415319746
1419.png,0.9404388714733541,0.8875739644970414,0.9771986970684039,0.9063444108761329
86.png,0.03413940256045519,0.017366136034732273,0.017366136034732273,1.0
2725.png,0.923644251626898,0.8581217251108424,0.949175211769951,0.8994507815800592
1013.png,0.8955223880597015,0.8108108108108109,0.9,0.8910891089108911
777.png,0.8313582497721057,0.7113884555382215,0.7113884555382215,1.0
2995.png,0.6892950391644909,0.5258964143426295,0.8741721854304636,0.5689655172413793
2992.png,0.9307653993026732,0.8704968944099379,0.9504916920990166,0.9118412491867274
1968.png,0.8689282960678489,0.7682344921608726,0.7682344921608726,1.0
1191.png,0.9399830938292477,0.886762360446571,0.9439728353140917,0.936026936026936
2956.png,0.862198795180723,0.7577763070814031,0.7757452574525745,0.9703389830508474
2187.png,0.966270783847981,0.9347426470588235,0.9741379310344828,0.9585296889726673
2248.png,0.0,0.0,0.0,0.0
1452.png,0.9412955465587045,0.8891013384321224,0.9393939393939394,0.9432048681541582
2525.png,0.7111251580278128,0.5517410495340853,0.8052970651395849,0.6366723259762309
1108.png,0.0,0.0,0.0,0.0
2787.png,0.5112219451371571,0.34338358458961477,0.384375,0.7630272952853598
602.png,0.9565584141712358,0.9167340339531124,0.9287469287469288,0.9860869565217392
227.png,0.8202614379084968,0.6952908587257618,0.9261992619926199,0.7360703812316716
1567.png,0.44545454545454544,0.28654970760233917,0.28654970760233917,1.0
1076.png,0.0,0.0,0.0,0.0
2565.png,0.7855077394114647,0.6467787114845939,0.6679201619901649,0.9533443435177539
1075.png,0.0,0.0,0.0,0.0
824.png,0.4068112899463494,0.25534407027818445,0.25534407027818445,1.0
2543.png,0.9112149532710282,0.8369098712446352,0.9948979591836735,0.8405172413793104
460.png,0.9660876757650951,0.9344,0.954248366013072,0.9782244556113903
1751.png,0.9505703422053231,0.9057971014492754,0.9615384615384616,0.9398496240601504
1390.png,0.9320943531093638,0.8728246318607764,0.8775235531628532,0.9939024390243902
754.png,0.5922413793103448,0.42069810165339866,0.42173112338858193,0.9942112879884226
117.png,0.5491143317230274,0.37846836847946724,0.3894175866006852,0.9308462238398544
941.png,0.7911877394636014,0.6545166402535658,0.7035775127768313,0.9037199124726477
347.png,0.9352517985611511,0.8783783783783784,0.9375,0.9330143540669856
247.png,0.8799102132435466,0.7855711422845691,0.9775561097256857,0.8
837.png,0.8072289156626506,0.6767676767676768,0.9178082191780822,0.7204301075268817
1225.png,0.8245931283905967,0.7015384615384616,0.7261146496815286,0.9539748953974896
1428.png,0.974630021141649,0.9505154639175257,0.9725738396624473,0.9766949152542372
2926.png,0.14186851211072662,0.07635009310986965,0.07635009310986965,1.0
1774.png,0.8758169934640523,0.7790697674418605,0.8226466575716235,0.9363354037267081
2107.png,0.9082853345148426,0.8319805194805194,0.9360730593607306,0.8820998278829604
552.png,0.9566148901981789,0.9168377823408624,0.9225206611570248,0.9933259176863182
925.png,0.7171129220023283,0.558983666061706,0.9418960244648318,0.5789473684210527
284.png,0.0,0.0,0.0,0.0
2780.png,0.0,0.0,0.0,0.0
860.png,0.8045593550180707,0.6730232558139535,0.684160756501182,0.9763832658569501
375.png,0.9795270031768444,0.9598754756139743,0.9907176008568368,0.9685863874345549
834.png,0.3440986494421609,0.2078014184397163,0.2092857142857143,0.966996699669967
2642.png,0.0,0.0,0.0,0.0
1375.png,0.8476454293628809,0.7355769230769231,0.9807692307692307,0.7463414634146341
681.png,0.9782005548949664,0.9573312645461598,0.9778129952456418,0.9785884218873909
384.png,0.97314453125,0.9476937708036138,0.9925298804780877,0.9545019157088123
2154.png,0.0,0.0,0.0,0.0
1657.png,0.9084745762711864,0.8322981366459627,0.8322981366459627,1.0
69.png,0.9472182596291012,0.8997289972899729,0.9837037037037037,0.9133425034387895
1568.png,0.9168539325842695,0.8464730290456431,0.9444444444444444,0.8908296943231441
222.png,0.973896830329397,0.949121744397335,0.961939840392879,0.9861548143486469
269.png,0.8845166809238665,0.7929447852760736,0.9736346516007532,0.8103448275862069
3041.png,0.0,0.0,0.0,0.0
1043.png,0.8791208791208791,0.7843137254901961,0.8032128514056225,0.970873786407767
2479.png,0.9105058365758755,0.8357142857142857,0.9,0.9212598425196851
2550.png,0.0,0.0,0.0,0.0
393.png,0.0,0.0,0.0,0.0
110.png,0.5683060109289618,0.3969465648854962,0.3974522292993631,0.9968051118210862
3033.png,0.518139534883721,0.34965473948524795,0.35038792199622565,0.9940511600237953
2233.png,0.4375340971085652,0.28002793296089384,0.6756529064869419,0.3235175473981444
2965.png,0.14350891746163416,0.0773011617515639,0.0773011617515639,1.0
581.png,0.9753617520531874,0.9519083969465649,0.9803459119496856,0.9704280155642023
1089.png,0.6470588235294118,0.4782608695652174,0.47871333964049195,0.9980276134122288
2627.png,0.0,0.0,0.0,0.0
1411.png,0.6498855835240275,0.48135593220338985,0.48135593220338985,1.0
244.png,0.9637155297532657,0.9299719887955182,0.9526542324246772,0.9750367107195301
2609.png,0.5312719606465215,0.3617224880382775,0.3617224880382775,1.0
855.png,0.9432063263838966,0.8925170068027211,0.9514140681653372,0.9351389878831077
2909.png,0.8506412908564335,0.740100791936645,0.7547723935389133,0.9744075829383886
1207.png,0.7790262172284644,0.6380368098159509,0.6380368098159509,1.0
2593.png,0.8612221587664192,0.7562688064192578,0.7717502558853634,0.9741602067183462
184.png,0.6424442609413707,0.4732360097323601,0.9152941176470588,0.494910941475827
2060.png,0.0,0.0,0.0,0.0
159.png,0.8889618922470433,0.8001182732111177,0.839851024208566,0.9441730635031402
512.png,0.9767201241593378,0.9544994944388271,0.9617931737137035,0.9921177088807147
2732.png,0.617096018735363,0.4462320067739204,0.9245614035087719,0.46309314586994726
2994.png,0.0,0.0,0.0,0.0
2394.png,0.4868961161982949,0.3217863105175292,0.4611244019138756,0.5157190635451505
1420.png,0.9296375266524519,0.8685258964143426,0.8861788617886179,0.9775784753363229
1814.png,0.850909090909091,0.740506329113924,0.9790794979079498,0.752411575562701
782.png,0.9247071946458449,0.8599585062240664,0.9916267942583732,0.8662486938349008
1437.png,0.9041248606465998,0.8250254323499492,0.99265605875153,0.8300921187308086
2300.png,0.34345939243645385,0.20733532934131738,1.0,0.20733532934131738
2801.png,0.8063897763578275,0.6755888650963597,0.8521269412559082,0.7653123104912067
2418.png,0.8201892744479495,0.6951871657754011,0.7416462917685411,0.9173387096774194
1955.png,0.8005908419497785,0.6674876847290641,0.6895674300254453,0.954225352112676
1342.png,0.7519858781994704,0.6025459688826026,0.6051136363636364,0.993006993006993
1585.png,0.46928028086600354,0.3065749235474006,0.31013147718484146,0.9639423076923077
6.png,0.2670807453416149,0.15412186379928317,0.15412186379928317,1.0
718.png,0.6423357664233577,0.4731182795698925,0.5201668984700973,0.8395061728395061
437.png,0.8368794326241135,0.7195121951219512,0.7195121951219512,1.0
1792.png,0.5936395759717314,0.4221105527638191,0.9333333333333333,0.43523316062176165
1681.png,0.9358638743455497,0.8794587945879458,0.9154929577464789,0.9571619812583668
750.png,0.7651995905834187,0.6196949602122016,0.7082228116710876,0.832146037399822
1826.png,0.9305508039685253,0.8701215611004478,0.898876404494382,0.9645390070921985
2061.png,0.9114139693356049,0.837245696400626,0.8615136876006442,0.9674502712477396
2858.png,0.36670179135932557,0.22451612903225807,0.22451612903225807,1.0
2101.png,0.32510288065843623,0.1941031941031941,0.1941031941031941,1.0
1006.png,0.8198581560283689,0.6947115384615384,0.7297979797979798,0.9352750809061489
2808.png,0.8169014084507042,0.6904761904761905,0.9843342036553525,0.6981481481481482
1803.png,0.0,0.0,0.0,0.0
1491.png,0.0,0.0,0.0,0.0
3012.png,0.0,0.0,0.0,0.0
2566.png,0.0,0.0,0.0,0.0
841.png,0.8062709966405375,0.6754221388367729,0.9769335142469471,0.6863679694947569
2922.png,0.9118198874296436,0.8379310344827586,0.9935747663551402,0.8424962852897474
2359.png,0.6161683277962348,0.4452624839948784,0.8289630512514898,0.4903066619668664
1304.png,0.8654004954582989,0.7627365356622998,0.8061538461538461,0.9340463458110517
1063.png,0.6139630390143737,0.44296296296296295,0.44296296296296295,1.0
769.png,0.8376768428890542,0.7206918641896221,0.9087237479806138,0.7769337016574586
2246.png,0.8581644815256257,0.7515657620041754,0.7947019867549668,0.9326424870466321
2362.png,0.605524861878453,0.43423137876386686,0.48324514991181655,0.8106508875739645
550.png,0.0,0.0,0.0,0.0
2878.png,0.4397689768976898,0.28186144896879956,0.2830589484864578,0.9852125693160814
1021.png,0.8891820580474934,0.8004750593824228,0.8113964686998395,0.9834630350194552
197.png,0.8696624189581936,0.7693829113924051,0.7789347216659992,0.9843117408906883
1274.png,0.9005524861878453,0.8190954773869347,0.8316326530612245,0.9819277108433735
915.png,0.6650246305418719,0.4981549815498155,0.5053813757604118,0.9720972097209721
2360.png,0.25436934091387664,0.14571773220747888,0.38179519595448796,0.19071676665614146
1553.png,0.8209219858156028,0.6962406015037594,0.7145061728395061,0.9645833333333333
2262.png,0.9358398038414386,0.879416282642089,0.9686971235194586,0.9051383399209486
2096.png,0.7100656455142231,0.5504664970313825,0.5673076923076923,0.9488304093567251
2385.png,0.9115723628092124,0.8375130616509927,0.8375130616509927,1.0
2073.png,0.3828478378867378,0.2367420004475274,0.3672335994446373,0.399848828420257
979.png,0.721189591078067,0.563953488372093,0.6632478632478632,0.790224032586558
1658.png,0.0,0.0,0.0,0.0
864.png,0.7863013698630136,0.6478555304740407,0.6597701149425287,0.9728813559322034
2571.png,0.0,0.0,0.0,0.0
1269.png,0.88268156424581,0.79,0.8494623655913979,0.9186046511627907
985.png,0.6602254428341384,0.49278846153846156,0.5310880829015544,0.8723404255319149
847.png,0.8233676975945017,0.6997663551401869,0.7404202719406675,0.9272445820433437
1218.png,0.6164383561643835,0.44554455445544555,0.47368421052631576,0.8823529411764706
926.png,0.9394812680115273,0.8858695652173914,0.9644970414201184,0.9157303370786517
2029.png,0.8711409395973154,0.7717003567181926,0.7866666666666666,0.9759398496240601
559.png,0.6617375231053604,0.494475138121547,0.494475138121547,1.0
16.png,0.798004987531172,0.6639004149377593,0.898876404494382,0.7174887892376681
1972.png,0.6921778277996623,0.5292598967297762,0.6699346405228758,0.7159487776484285
2837.png,0.0,0.0,0.0,0.0
1050.png,0.9238343469446858,0.8584499461786868,0.8649674620390455,0.9912989434431324
2971.png,0.6389333333333334,0.46943573667711597,0.47805267358339987,0.9630225080385852
1988.png,0.6161048689138577,0.44519621109607577,0.744343891402715,0.5255591054313099
949.png,0.8717948717948719,0.7727272727272727,0.8117977528089888,0.9413680781758957
2633.png,0.0,0.0,0.0,0.0
1410.png,0.3489583333333333,0.2113564668769716,0.2113564668769716,1.0
1118.png,0.9361256544502619,0.8799212598425197,0.9696312364425163,0.9048582995951417
1185.png,0.9746738296239448,0.9505988023952096,0.9570459683496609,0.9929632525410477
1726.png,0.9281381241250584,0.8659120592076621,0.9940029985007496,0.8704595185995624
880.png,0.8411910669975187,0.7259100642398287,0.9630681818181818,0.7466960352422908
2951.png,0.9649805447470817,0.9323308270676691,0.9691706469821971,0.9608265174343521
2269.png,0.09493161705551084,0.04983108108108108,0.135632183908046,0.07301980198019802
1555.png,0.902834008097166,0.8228782287822878,0.9977628635346756,0.8243992606284658
2968.png,0.8431460674157304,0.7288267288267288,0.8717472118959108,0.8163620539599652
948.png,0.845096241979835,0.7317460317460317,0.7411575562700965,0.9829424307036247
262.png,0.855595667870036,0.7476340694006309,0.8052095130237825,0.9127086007702182
2090.png,0.7924357034795763,0.656226509646705,0.7673600937591561,0.8192055051610885
2285.png,0.6964006259780907,0.5342136854741897,0.5640050697084917,0.9100204498977505
1262.png,0.6789587852494576,0.5139573070607554,1.0,0.5139573070607554
2098.png,0.05727605727605727,0.029482344874871443,0.09684684684684684,0.04066193853427896
1662.png,0.8987341772151899,0.8160919540229885,1.0,0.8160919540229885
1739.png,0.9634941329856584,0.929559748427673,0.986648865153538,0.9414012738853503
557.png,0.43401015228426393,0.2771474878444084,0.28476269775187346,0.912
2718.png,0.8792229729729728,0.7844762622456669,0.839516129032258,0.9228723404255319
2172.png,0.17017543859649123,0.09300095877277086,0.09300095877277086,1.0
2729.png,0.7915799213509136,0.6550535987748851,0.6814018319394664,0.9442604856512141
361.png,0.9281767955801105,0.865979381443299,0.8713692946058091,0.9929078014184397
2647.png,0.0,0.0,0.0,0.0
2489.png,0.9251025991792065,0.8606426980591791,0.8720180528691167,0.9850691915513474
822.png,0.8638888888888889,0.7603911980440098,0.8885714285714286,0.8405405405405405
2305.png,0.757086472909939,0.609122401847575,0.6202233980011758,0.9714548802946593
2655.png,0.7032464563328762,0.5423131170662906,0.5687869822485208,0.9209580838323354
2957.png,0.8274539877300613,0.7056899934597777,0.7904761904761904,0.8680611423974256
1194.png,0.8867924528301886,0.7966101694915254,0.8057142857142857,0.986013986013986
2198.png,0.8882445967316815,0.7989568515884305,0.8308678500986193,0.9541336353340883
2497.png,0.0,0.0,0.0,0.0
1867.png,0.9110005527915975,0.8365482233502538,0.8451282051282051,0.988009592326139
2345.png,0.8958464443045939,0.8113422627529211,0.9800344234079174,0.8249782671689365
1561.png,0.9142212189616253,0.841995841995842,0.995085995085995,0.8455114822546973
3035.png,0.9274067455885638,0.8646397334443982,0.9202127659574468,0.934714092751013
2789.png,0.6051599587203302,0.4338561704646345,0.4346279276608361,0.9959239130434783
593.png,0.9540000000000001,0.9120458891013384,0.9120458891013384,1.0
2190.png,0.888888888888889,0.8,0.8113511770396646,0.9828125
12.png,0.9784394250513346,0.9577889447236181,0.9911596463858554,0.9660415610745058
580.png,0.9650680876258141,0.9324942791762014,0.9565727699530516,0.973715651135006
2006.png,0.8456883509833586,0.7326343381389253,0.7543859649122807,0.9621342512908778
1902.png,0.8914369358380093,0.804137323943662,0.8185483870967742,0.9785752544188537
2825.png,0.875,0.7777777777777778,0.958656330749354,0.8047722342733189
730.png,0.8673363352961552,0.7657492354740061,0.9773614363778298,0.7795765877957659
3010.png,0.15873015873015872,0.08620689655172414,0.08620689655172414,1.0
1616.png,0.8298755186721991,0.7092198581560284,0.7092198581560284,1.0
1590.png,0.5866666666666667,0.41509433962264153,0.41621621621621624,0.9935483870967742
1087.png,0.0,0.0,0.0,0.0
702.png,0.7831669044222539,0.6436107854630715,0.6535714285714286,0.9768683274021353
2263.png,0.9708006279434851,0.9432580841976815,0.9828353464717101,0.9590570719602978
479.png,0.9033333333333333,0.8237082066869301,0.8713826366559485,0.9377162629757786
2411.png,0.7765237020316027,0.6346863468634686,0.6346863468634686,1.0
3029.png,0.640102827763496,0.4706994328922495,0.4877571008814887,0.930841121495327
1539.png,0.9673808145145725,0.9368224299065421,0.9675675675675676,0.967194133539174
3001.png,0.7142417717625347,0.5555023923444976,0.5571017274472169,0.9948586118251928
2503.png,0.8147286821705426,0.6873773708306082,0.7385804638088546,0.9083837510803803
2403.png,0.8071895424836601,0.6767123287671233,0.7340267459138187,0.896551724137931
2429.png,0.7470326409495549,0.596210775606868,0.596210775606868,1.0
1795.png,0.7717948717948717,0.6283924843423799,0.6459227467811158,0.9585987261146497
2182.png,0.7919129082426128,0.6555097837281153,0.8791436464088398,0.7204301075268817
1542.png,0.9180974935859482,0.848595403137541,0.890846418996553,0.9470684039087948
1520.png,0.7969052224371374,0.662379421221865,0.8207171314741036,0.7744360902255639
246.png,0.8179487179487179,0.6919739696312365,0.9637462235649547,0.7104677060133631
250.png,0.9204025617566332,0.8525423728813559,0.8934280639431617,0.9490566037735849
607.png,0.005649717514124295,0.0028328611898017,0.0028328611898017,1.0
2110.png,0.0,0.0,0.0,0.0
2665.png,0.8834065562690099,0.7911622276029056,0.8367477592829705,0.9355762347888332
1959.png,0.4958448753462604,0.3296500920810313,0.8605769230769231,0.34824902723735407
364.png,0.9607410674900749,0.9244482173174873,0.9268085106382978,0.9972527472527473
2737.png,0.0,0.0,0.0,0.0
162.png,0.963855421686747,0.9302325581395349,0.9370424597364568,0.9922480620155039
2372.png,0.5750000000000001,0.40350877192982454,0.8980952380952381,0.4228699551569507
1475.png,0.0,0.0,0.0,0.0
2216.png,0.8418418418418419,0.7268798617113224,0.756975697569757,0.9481397970687712
873.png,0.765432098765432,0.62,0.6378600823045267,0.9567901234567902
1094.png,0.617283950617284,0.44642857142857145,0.44642857142857145,1.0
3060.png,0.825405707890319,0.70271557884707,0.7331013916500994,0.9443021766965429
1638.png,0.9494438827098077,0.9037536092396535,0.9740663900414938,0.9260355029585798
1748.png,0.9190751445086706,0.8502673796791443,1.0,0.8502673796791443
947.png,0.9065817409766455,0.829126213592233,0.830739299610895,0.9976635514018691
1374.png,0.9078014184397162,0.8311688311688312,0.9552238805970149,0.8648648648648649
1671.png,0.0,0.0,0.0,0.0
2296.png,0.0,0.0,0.0,0.0
174.png,0.9399435711406691,0.8866920152091254,0.9073929961089494,0.9749163879598662
1868.png,0.0,0.0,0.0,0.0
2867.png,0.924682099771764,0.8599151000606429,0.9310571240971767,0.9183937823834197
1602.png,0.9577922077922079,0.9190031152647975,0.944,0.9719934102141681
1093.png,0.5891891891891893,0.41762452107279696,0.41762452107279696,1.0
660.png,0.9700061211997553,0.9417591125198098,0.9611807521229276,0.978995057660626
870.png,0.7072135785007072,0.5470459518599562,0.9633911368015414,0.5586592178770949
93.png,0.6660395108184384,0.4992947813822285,0.5454545454545454,0.855072463768116
1141.png,0.9411764705882353,0.8888888888888888,0.8977955911823647,0.9889624724061811
1710.png,0.7188519243313765,0.5610997963340122,0.5610997963340122,1.0
1098.png,0.8928571428571429,0.8064516129032258,0.9328358208955224,0.8561643835616438
2771.png,0.7966987620357633,0.6620941929583904,0.8696696696696696,0.7350253807106599
1170.png,0.9817518248175182,0.96415770609319,0.9835466179159049,0.9799635701275046
2159.png,0.6923076923076923,0.5294117647058824,0.6283018867924528,0.7708333333333334
1793.png,0.7774294670846394,0.6358974358974359,0.6775956284153005,0.9117647058823529
1500.png,0.955288985823337,0.9144050104384134,0.9594742606790799,0.9511400651465798
1907.png,0.8324220006432937,0.7129476584022039,0.9578090303478904,0.7360637087599545
2654.png,0.8345021037868163,0.7160048134777377,0.7164358819987959,0.9991603694374476
2831.png,0.1926605504587156,0.1065989847715736,0.107600341588386,0.9197080291970803
2173.png,0.0,0.0,0.0,0.0
894.png,0.6499102333931778,0.48138297872340424,0.4839572192513369,0.9890710382513661
1800.png,0.780045351473923,0.6394052044609665,0.6394052044609665,1.0
1129.png,0.9274563820018366,0.8647260273972602,0.8647260273972602,1.0
621.png,0.45334796926454435,0.2931156848828957,0.29927536231884055,0.9343891402714932
1174.png,0.968489341983318,0.9389038634321654,0.956959706959707,0.9803001876172608
3042.png,0.4797430830039526,0.31556711082222944,0.6862190812720848,0.3687808583364983
879.png,0.7438386855862584,0.5921521997621879,1.0,0.5921521997621879
3056.png,0.750118091639112,0.600151171579743,0.7686350435624395,0.7324723247232472
2827.png,0.8921348314606741,0.8052738336713996,0.9875621890547264,0.8135245901639344
91.png,0.8554216867469879,0.7473684210526316,0.7593582887700535,0.9793103448275862
145.png,0.8851022395326191,0.7938864628820961,0.9841212558643089,0.8041875552934238
1765.png,0.778523489932886,0.6373626373626373,0.725,0.8405797101449275
2249.png,0.0,0.0,0.0,0.0
2548.png,0.8742655699177438,0.7766179540709812,0.8122270742358079,0.9465648854961832
2964.png,0.4698672114402451,0.30707610146862485,0.46577561765897124,0.4740313272877164
2486.png,0.8988173455978975,0.8162291169451074,0.8852459016393442,0.9128113879003559
964.png,0.8015873015873015,0.6688741721854304,0.6688741721854304,1.0
1316.png,0.8927038626609441,0.8062015503875969,0.9341317365269461,0.8547945205479452
954.png,0.9184290030211482,0.8491620111731844,0.8941176470588236,0.9440993788819876
134.png,0.9805344770702739,0.9618122977346278,0.9769888231426693,0.9841059602649007
351.png,0.9298831385642737,0.8689547581903276,0.9964221824686941,0.8716744913928013
1873.png,0.9355092410538735,0.8788326560768378,0.9073226544622426,0.9655032467532467
1646.png,0.8793774319066149,0.7847222222222222,0.7943760984182777,0.9847494553376906
629.png,0.6373718351119481,0.46775184275184273,0.46789554531490013,0.9993438320209974
2428.png,0.8148541114058356,0.6875559534467324,0.6875559534467324,1.0
2473.png,0.8452554744525548,0.7319848293299621,0.9633943427620633,0.752925877763329
1846.png,0.7704761904761905,0.6266460108443067,0.9794188861985472,0.6350078492935636
1895.png,0.9453425712086222,0.8963503649635036,0.966168371361133,0.9253956292388847
2220.png,0.8220035778175312,0.6977980258162491,0.7236220472440945,0.9513457556935818
1282.png,0.4629370629370629,0.30118289353958144,0.33741080530071355,0.7371937639198218
2368.png,0.8170045045045045,0.6906235126130414,0.7123220422189495,0.9577557755775578
535.png,0.959743824336688,0.9226033421284081,0.947606142728094,0.9721964782205746
140.png,0.96011396011396,0.9232876712328767,0.9453015427769986,0.975397973950796
590.png,0.9579220779220778,0.9192422731804586,0.9294354838709677,0.9882100750267953
1296.png,0.0,0.0,0.0,0.0
2920.png,0.946132886187382,0.8977724741447892,0.9670094258783205,0.926138695116947
402.png,0.9803675856307434,0.9614911921343712,0.9923890063424947,0.9686339248865043
472.png,0.9425878320479864,0.8914100486223663,0.9874326750448833,0.9016393442622951
2855.png,0.3306865950490425,0.19809736989367654,0.7023809523809523,0.21624923640806354
1515.png,0.7897125567322238,0.6525,0.760932944606414,0.8207547169811321
1247.png,0.9669845928099778,0.9360795454545454,0.9441260744985673,0.9909774436090225
2450.png,0.6592287169536745,0.4916787264833575,0.554467564259486,0.812799043062201
1333.png,0.7481371087928465,0.5976190476190476,0.5976190476190476,1.0
1582.png,0.7536907536907538,0.6047381546134664,0.6047381546134664,1.0
1897.png,0.9243697478991597,0.859375,0.9365325077399381,0.9125188536953243
967.png,0.8668076109936576,0.7649253731343284,0.8167330677290837,0.9234234234234234
971.png,0.912718204488778,0.8394495412844036,0.8394495412844036,1.0
2007.png,0.6999195494770716,0.5383663366336634,0.6476426799007444,0.7613768961493582
1684.png,0.0,0.0,0.0,0.0
189.png,0.974169741697417,0.9496402877697842,0.9611650485436893,0.9875311720698254
36.png,0.9087093389296956,0.8326923076923077,0.8359073359073359,0.9954022988505747
55.png,0.0,0.0,0.0,0.0
2898.png,0.95079950799508,0.9062133645955451,0.9180522565320665,0.985969387755102
157.png,0.9767822105951602,0.9546180888462767,0.9903846153846154,0.9635483870967742
3004.png,0.0,0.0,0.0,0.0
1275.png,0.9380530973451328,0.8833333333333333,0.9298245614035088,0.9464285714285714
2343.png,0.8573849195142614,0.750370736529906,0.764735516372796,0.9755784061696658
434.png,0.9176954732510287,0.8479087452471483,0.9970193740685543,0.8500635324015248
149.png,0.9602847508430125,0.9236036036036036,0.9534970238095238,0.9671698113207547
87.png,0.9160125588697018,0.8450398262128892,0.9534313725490197,0.8814199395770392
2553.png,0.0,0.0,0.0,0.0
1641.png,0.8864668483197095,0.7960848287112561,0.9402697495183044,0.8384879725085911
1943.png,0.19598940597805523,0.10864093959731544,0.10900673400673401,0.9700374531835206
2618.png,0.6334070097884434,0.46349353049907577,0.5326606479022836,0.7811526479750779
981.png,0.3885350318471338,0.24110671936758893,0.24110671936758893,1.0
1729.png,0.96036278132348,0.9237479806138934,0.9694811800610377,0.951414309484193
2911.png,0.5701598579040853,0.3987577639751553,0.9567809239940388,0.4060721062618596
2250.png,0.0,0.0,0.0,0.0
1271.png,0.0,0.0,0.0,0.0
1630.png,0.9431438127090301,0.8924050632911392,0.9635535307517085,0.9235807860262009
1927.png,0.0,0.0,0.0,0.0
1103.png,0.0,0.0,0.0,0.0
213.png,0.9512934048007458,0.9071111111111111,0.9358092618065108,0.9672985781990522
1656.png,0.8838383838383839,0.7918552036199095,0.9210526315789473,0.8495145631067961
2588.png,0.0,0.0,0.0,0.0
2274.png,0.8799392097264438,0.7856173677069199,0.8097902097902098,0.9633943427620633
849.png,0.9263399254800803,0.8627869727709557,0.9022892238972641,0.9517078916372202
2986.png,0.562406015037594,0.3912133891213389,0.6254180602006689,0.5109289617486339
1588.png,0.014312977099236639,0.007208073041806823,0.007208073041806823,1.0
2688.png,0.0,0.0,0.0,0.0
1234.png,0.16254416961130744,0.08846153846153847,0.08846153846153847,1.0
745.png,0.8629814760364599,0.7589862942849754,0.8118948824343015,0.9209287731408848
387.png,0.9795918367346937,0.96,0.993103448275862,0.9664429530201343
103.png,0.8876543209876543,0.7980022197558269,0.9638069705093834,0.8226544622425629
1742.png,0.4731861198738171,0.30991735537190085,0.30991735537190085,1.0
636.png,0.9892255892255893,0.9786808794137242,0.9925675675675676,0.9859060402684564
2763.png,0.7175277643650412,0.5594879518072289,0.5763264039714552,0.9503709388590432
1446.png,0.9561068702290078,0.9159049360146252,0.9881656804733728,0.9260628465804066
2342.png,0.880569306930693,0.7866224433388612,0.7927576601671309,0.9902574808629089
2494.png,0.9208517476898354,0.85331347728965,0.9630252100840336,0.8822170900692841
2390.png,0.5237849017580145,0.35481611208406305,0.35481611208406305,1.0
2709.png,0.0,0.0,0.0,0.0
2604.png,0.6011350737797957,0.42973060694579684,0.662,0.5505197505197506
412.png,0.9724770642201834,0.9464285714285714,0.9509569377990431,0.9949937421777222
1097.png,0.5823129251700679,0.4107485604606526,0.622093023255814,0.5473145780051151
1311.png,0.875089221984297,0.7779187817258884,0.7869062901155327,0.9855305466237942
2081.png,0.04743083003952569,0.024291497975708502,0.024291497975708502,1.0
132.png,0.9148239148239149,0.8430188679245283,0.9704604691572546,0.8652207591014718
186.png,0.0,0.0,0.0,0.0
1330.png,0.849802371541502,0.738831615120275,0.7733812949640287,0.9429824561403509
1523.png,0.5763813651137595,0.4048706240487062,0.42765273311897106,0.8837209302325582
2401.png,0.8487644151565074,0.7372638809387522,0.7648456057007126,0.9533678756476683
657.png,0.8585858585858587,0.7522123893805309,0.7742355237475602,0.9635627530364372
29.png,0.9497206703910615,0.9042553191489362,0.9465478841870824,0.952914798206278
2579.png,0.0,0.0,0.0,0.0
2521.png,0.01917808219178082,0.009681881051175657,0.0106544901065449,0.0958904109589041
640.png,0.8897196261682243,0.8013468013468014,0.8040540540540541,0.99581589958159
2058.png,0.0,0.0,0.0,0.0
1981.png,0.9064095292115711,0.828838174273859,0.9975031210986267,0.8305613305613305
2091.png,0.4524367995830076,0.29235432805658473,0.33320537428023034,0.7045454545454546
1204.png,0.9144050104384134,0.8423076923076923,0.8902439024390244,0.9399141630901288
2451.png,0.0,0.0,0.0,0.0
523.png,0.9141355140186916,0.8418504572350726,0.8418504572350726,1.0
1393.png,0.948069241011984,0.9012658227848102,0.9753424657534246,0.9222797927461139
301.png,0.9772256728778468,0.9554655870445344,0.962937776266576,0.9919439579684763
1477.png,0.9012875536480686,0.8203125,0.9859154929577465,0.8300395256916996
2590.png,0.8317107093184979,0.7119047619047619,0.7119047619047619,1.0
1461.png,0.3726235741444867,0.22897196261682243,0.23747980613893377,0.8647058823529412
1145.png,0.9067961165048544,0.8294849023090586,0.8384201077199281,0.9873150105708245
1312.png,0.9321340964840557,0.8728943338437979,0.9405940594059405,0.9238249594813615
763.png,0.9182968929804373,0.8489361702127659,0.9827586206896551,0.8617710583153347
2160.png,0.8703703703703703,0.7704918032786885,0.928395061728395,0.8191721132897604
2468.png,0.8696264975334743,0.7693266832917706,0.8968023255813954,0.8440492476060192
2312.png,0.9009958992384299,0.8198294243070362,0.8630751964085297,0.9424019607843137
1707.png,0.9523809523809523,0.9090909090909091,0.9504950495049505,0.9542743538767395
248.png,0.9262295081967212,0.8625954198473282,0.9354304635761589,0.9172077922077922
441.png,0.8415229417507322,0.7264044943820225,0.7280405405405406,0.9969159599074788
2853.png,0.7293333333333333,0.5739769150052466,0.5958605664488017,0.9398625429553265
793.png,0.6559333795975018,0.48802147872779844,0.5298206278026906,0.8608378870673953
716.png,0.8132973944294699,0.6853422168382798,0.8149081742888009,0.8116929698708751
896.png,0.0,0.0,0.0,0.0
1251.png,0.9615975422427034,0.9260355029585798,0.978125,0.945619335347432
1071.png,0.8918032786885245,0.8047337278106509,0.8242424242424242,0.9714285714285714
1714.png,0.0,0.0,0.0,0.0
2818.png,0.6964448495897904,0.5342657342657343,1.0,0.5342657342657343
2230.png,0.0,0.0,0.0,0.0
1665.png,0.0,0.0,0.0,0.0
2822.png,0.909541511771995,0.8340909090909091,0.9434447300771208,0.8779904306220095
2854.png,0.3548153511947864,0.21566901408450703,0.7469512195121951,0.23266856600189934
2015.png,0.7013630731102849,0.5400763358778626,0.5949544498948843,0.8541247484909457
2685.png,0.8991416309012875,0.8167641325536062,0.8498985801217038,0.9544419134396356
1309.png,0.9262536873156343,0.8626373626373627,0.9905362776025236,0.8698060941828255
589.png,0.7067669172932332,0.5465116279069767,0.5824039653035935,0.8986615678776291
922.png,0.9697322467986031,0.9412429378531073,0.9663573085846868,0.9731308411214953
2279.png,0.8914342629482073,0.8041329739442947,0.8791748526522594,0.9040404040404041
2415.png,0.0,0.0,0.0,0.0
1789.png,0.0,0.0,0.0,0.0
1276.png,0.9733796296296298,0.9481397970687712,0.9524348810872028,0.9952662721893492
1991.png,0.7851458885941646,0.6462882096069869,0.9113300492610837,0.6896551724137931
215.png,0.84593837535014,0.7330097087378641,0.7958792525155726,0.9027173913043478
663.png,0.9695290858725762,0.9408602150537635,0.9408602150537635,1.0
2611.png,0.0,0.0,0.0,0.0
1149.png,0.9477911646586346,0.9007633587786259,0.9147286821705426,0.9833333333333333
2660.png,0.9129984464008286,0.8399237732253454,0.9313259376650819,0.8953783646521076
251.png,0.8839103869653767,0.791970802919708,0.7948717948717948,0.9954128440366973
1231.png,0.5192307692307693,0.35064935064935066,0.3521739130434783,0.9878048780487805
2675.png,0.37666513550757924,0.2320316921335597,0.3153846153846154,0.467502850627138
1879.png,0.708150744960561,0.5481682496607869,0.554945054945055,0.9782082324455206
1345.png,0.8396094839609484,0.7235576923076923,0.7235576923076923,1.0
2164.png,0.9094062708472315,0.8338634695375581,0.9075898801597869,0.9112299465240642
2302.png,0.5939004815409309,0.4223744292237443,0.9024390243902439,0.44258373205741625
2630.png,0.6050917702782712,0.43378607809847197,0.43378607809847197,1.0
1067.png,0.0,0.0,0.0,0.0
1002.png,0.9372262773722627,0.8818681318681318,0.8966480446927374,0.981651376146789
308.png,0.8978216932405121,0.8145884270578647,0.8315307820299501,0.9755978526110298
324.png,0.7038801906058544,0.5430672268907563,0.9681647940074907,0.5529411764705883
1235.png,0.8062015503875968,0.6753246753246753,0.6864686468646864,0.9765258215962441
153.png,0.9591174561972745,0.9214463840399002,0.9560155239327296,0.9622395833333334
1810.png,0.7692307692307692,0.625,0.9883720930232558,0.6296296296296297
1401.png,0.25961538461538464,0.14917127071823205,0.14917127071823205,1.0
1861.png,0.8347226214429434,0.7163295510606809,0.88,0.7938764352104976
2197.png,0.8411097099621689,0.7257889009793254,0.9638728323699421,0.7460850111856824
709.png,0.7224199288256228,0.5654596100278552,0.5970588235294118,0.9144144144144144
2080.png,0.0,0.0,0.0,0.0
1768.png,0.9322947872977831,0.8731762065095399,0.9015063731170336,0.9652605459057072
353.png,0.0,0.0,0.0,0.0
181.png,0.9655455291222315,0.9333862014274386,0.9767634854771784,0.9545823195458232
1801.png,0.5555555555555556,0.38461538461538464,0.38461538461538464,1.0
865.png,0.0,0.0,0.0,0.0
2378.png,0.8574223526534605,0.7504280821917808,0.8257183231276496,0.8916581892166836
605.png,0.9599395313681028,0.9229651162790697,0.9534534534534534,0.9665144596651446
2148.png,0.9305724725943971,0.8701594533029613,0.9009433962264151,0.9622166246851386
940.png,0.9283154121863798,0.8662207357859532,0.946983546617916,0.9103690685413005
545.png,0.9590247206230952,0.9212752114508783,0.9799307958477509,0.9389920424403183
217.png,0.7820247933884298,0.642069550466497,0.9498117942283564,0.6646180860403863
980.png,0.0,0.0,0.0,0.0
888.png,0.14628149969268592,0.07891246684350132,0.07891246684350132,1.0
407.png,0.9473684210526316,0.9,0.9050279329608939,0.9938650306748467
1566.png,0.0,0.0,0.0,0.0
2830.png,0.6242038216560509,0.4537037037037037,1.0,0.4537037037037037
1841.png,0.0,0.0,0.0,0.0
2790.png,0.5594626629790597,0.38837081733406476,0.40736478711162255,0.89281210592686
2847.png,0.8361951485418371,0.7185011709601874,0.7389210019267822,0.9629629629629629
1084.png,0.9284750337381915,0.8664987405541562,0.9913544668587896,0.8730964467005076
1723.png,0.8994708994708994,0.8173076923076923,0.9883720930232558,0.8252427184466019
2454.png,0.7391509433962263,0.5862326973438085,0.5879924953095684,0.9949206349206349
1611.png,0.888621312462372,0.7995666305525461,0.929471032745592,0.8512110726643599
1363.png,0.9175667993177942,0.8476890756302521,0.8548728813559322,0.9901840490797545
2717.png,0.8115804461319412,0.6829073482428115,0.9115138592750534,0.7313943541488451
33.png,0.7692307692307693,0.625,0.6261180679785331,0.9971509971509972
2496.png,0.0,0.0,0.0,0.0
2169.png,0.0,0.0,0.0,0.0
2222.png,0.8828775267538643,0.7903139968068121,0.9357277882797732,0.8356781091727631
1146.png,0.9699179580674567,0.9415929203539823,0.9602888086642599,0.9797421731123389
1893.png,0.6705128205128206,0.5043394406943105,0.7407932011331445,0.6124121779859485
2499.png,0.864963503649635,0.7620578778135049,0.9518072289156626,0.7926421404682275
1236.png,0.0,0.0,0.0,0.0
1250.png,0.9467680608365019,0.8989169675090253,0.9343339587242027,0.9595375722543352
2923.png,0.8706928492034086,0.770997375328084,0.9991496598639455,0.7715036112934996
1591.png,0.8917954815695601,0.8047210300429185,0.8761682242990654,0.9079903147699758
1894.png,0.6982078853046595,0.5363436123348018,0.6484687083888149,0.7562111801242236
107.png,0.9589238529906318,0.9210890632210429,0.960538979788258,0.9573141486810551
1675.png,0.7383177570093459,0.5851851851851851,0.6422764227642277,0.8681318681318682
429.png,0.9647377938517179,0.9318777292576419,0.9509803921568627,0.9788990825688073
344.png,0.9534510433386838,0.911042944785276,0.9324960753532182,0.9753694581280788
2667.png,0.8904028436018958,0.802455953016551,0.8102425876010781,0.9881656804733728
367.png,0.9690909090909091,0.9400352733686067,0.9797794117647058,0.9586330935251799
